lat,lon,timestamp,_id
  25.302806099999998, 83.00740569999999, 1627480355595, "28uwBwBvgUoE9XHi" 
  25.302806099999998, 83.00740569999999, 1627480467801, "74g1lkKxUEw8qRCd" 
  25.293619200000002, 83.0046208, 1627480381249, "Wg0Y6egs9tiRlLw9" 
  25.302806099999998, 83.00740569999999, 1627480239603, "ZYQSV1TvFSljgiS3" 
  25.302806099999998, 83.00740569999999, 1627480351817, "aPIEltxBq6duouEc" 
  25.302806099999998, 83.00740569999999, 1627480178397, "fXbTAHqCre9wXOWy" 
  25.302806099999998, 83.00740569999999, 1627480468495, "ghHf3q6ZZTtWiSeS" 
  25.302806099999998, 83.00740569999999, 1627480354711, "xqftMCSYlzB4Wwod" 
  25.293619200000002, 83.0046208, 1627480380567, "yYf5Xikp8ZeBDrwW" 
  25.302806099999998, 83.00740569999999, 1627480567598, "Pq5blevbOh656UAw" 
  25.302806099999998, 83.00740569999999, 1627480567608, "l8vHtNJLmIu1ZdBG" 
  25.302806099999998, 83.00740569999999, 1627480567611, "z3Spt5nRxba7sDJV" 
  25.302806099999998, 83.00740569999999, 1627480567614, "3QPMsm0QL2asEWFo" 
  25.302806099999998, 83.00740569999999, 1627480567617, "CQyxnFX4A2fquMN8" 
  25.302806099999998, 83.00740569999999, 1627480567622, "94MNuFieGMdt4rTj" 
  25.293619200000002, 83.0046208, 1627480571508, "OOFZQnPQPRRpHwD6" 
  25.293619200000002, 83.0046208, 1627480571657, "wQv14Wo5FrHgXXI9" 
  25.293619200000002, 83.0046208, 1627480571833, "d0renB7UTqCFH3G9" 
  25.293619200000002, 83.0046208, 1627480572009, "TysKCfXa0ld1meS8" 
  25.293619200000002, 83.0046208, 1627480572179, "rHmyfTBOU9S2vXsN" 
  25.293619200000002, 83.0046208, 1627480572362, "KNaj5veN5IsX01c6" 
  25.293619200000002, 83.0046208, 1627480572545, "1Q0gfPWWoLrGM1gV" 
  25.293619200000002, 83.0046208, 1627480572730, "bLEANSe0PDj6QE0r" 
  25.293619200000002, 83.0046208, 1627480572906, "uCxJTYQb6Km4daq8" 
  25.293619200000002, 83.0046208, 1627480573093, "nsyxFlMVaCAWUBiH" 
  25.293619200000002, 83.0046208, 1627480573297, "ULZOWqnNq3YwRX5a" 
  25.293619200000002, 83.0046208, 1627480573457, "kxCHnydAxh2RN0Fy" 
  25.293619200000002, 83.0046208, 1627480573641, "L5ye7etm1NnLrykO" 
  25.293619200000002, 83.0046208, 1627480573807, "ZKZ8HFQBF40o5SPe" 
  25.293619200000002, 83.0046208, 1627480573978, "8Rucp1WMhJshEDcH" 
  25.293619200000002, 83.0046208, 1627480574156, "kJXJlZaynRSLLPjP" 
  25.293619200000002, 83.0046208, 1627480574317, "4kAZcXCiwXcAaC9r" 
  25.293619200000002, 83.0046208, 1627480574479, "5A0lTv6z63angLzm" 
  25.293619200000002, 83.0046208, 1627480574648, "JNbrP0D6lTbIC28H" 
  25.293619200000002, 83.0046208, 1627480574819, "beIcYhjhL5OzhzMA" 
  25.293619200000002, 83.0046208, 1627480574986, "NbD5cCI6Zru3jNzl" 
  25.293619200000002, 83.0046208, 1627480575177, "ygvfyAskbK26PCdu" 
  25.293619200000002, 83.0046208, 1627480575341, "nniFZJwA85vJE0LE" 
  25.293619200000002, 83.0046208, 1627480575516, "dDXIRJcfhZbG36YL" 
  25.293619200000002, 83.0046208, 1627480575687, "GnO4OQ9Y4Sp7SaOr" 
  25.293619200000002, 83.0046208, 1627480575855, "NclbnReiG5tJm1Jr" 
  25.293619200000002, 83.0046208, 1627480576024, "jp6jnlQxifqfWe25" 
  25.293619200000002, 83.0046208, 1627480576208, "CrKhCvhGPy9XmJuN" 
  25.293619200000002, 83.0046208, 1627480576389, "zAeamAtVPnxFn9si" 
  25.293619200000002, 83.0046208, 1627480576542, "wIEUbkNMIHTtRrcZ" 
  25.293619200000002, 83.0046208, 1627480576729, "5vTkz4qNM7EOcfdY" 
  25.293619200000002, 83.0046208, 1627480576921, "xDSCwWFJCXXCKWeC" 
  25.293619200000002, 83.0046208, 1627480577089, "W6FEoAKhS4hCbBav" 
  25.293619200000002, 83.0046208, 1627480577263, "g4w6g3QnRTrzg6Xz" 
  25.293619200000002, 83.0046208, 1627480577450, "3io8YyOnF8Idp9eR" 
  25.293619200000002, 83.0046208, 1627480577630, "hVorcjbvYjvk8EDt" 
  25.293619200000002, 83.0046208, 1627480577807, "fg93DGqFdzDv2LGP" 
  25.293619200000002, 83.0046208, 1627480577987, "mIU1oV0uzCLTXzi0" 
  25.293619200000002, 83.0046208, 1627480578156, "EPRAMZzbOFZfg2QO" 
  25.293619200000002, 83.0046208, 1627480578288, "nGQKDa7DJwPOaDxq" 
  25.293619200000002, 83.0046208, 1627480578449, "qnFKXHjeHpKxACPA" 
  25.293619200000002, 83.0046208, 1627480578611, "53PmybrPpHlmVGcH" 
  25.293619200000002, 83.0046208, 1627480578757, "SUX359PT7c02pCis" 
  25.293619200000002, 83.0046208, 1627480578941, "6ABdcnmMUdSRCz7Q" 
  25.293619200000002, 83.0046208, 1627480579120, "cezMmI1LAlN4R8Vz" 
  25.293619200000002, 83.0046208, 1627480579288, "feCC48wUH2oDgUIb" 
  25.293619200000002, 83.0046208, 1627480579473, "crBbRA2YCLgMNsEn" 
  25.293619200000002, 83.0046208, 1627480579657, "Hskr9lXVG4jcAYtg" 
  25.293619200000002, 83.0046208, 1627480579825, "lv1SJ418qC6DGNeC" 
  25.293619200000002, 83.0046208, 1627480580015, "P6QKNmbCM989HJsB" 
  25.293619200000002, 83.0046208, 1627480580185, "QnzSebmoNvFLnnSy" 
  25.293619200000002, 83.0046208, 1627480580379, "3Iv9wayqlChQfHnF" 
  25.293619200000002, 83.0046208, 1627480580567, "j2YjlYNRXbvwn4u0" 
  25.293619200000002, 83.0046208, 1627480580739, "kU5O12rsm9Hgatst" 
  25.293619200000002, 83.0046208, 1627480580939, "liVZwSAEAcDHJG1k" 
  25.293619200000002, 83.0046208, 1627480581104, "S9IqoW8pGHFmBIXR" 
  25.293619200000002, 83.0046208, 1627480581302, "CyiiSqqEUg7pURag" 
  25.293619200000002, 83.0046208, 1627480581464, "nXP0iMr6kGKDR2bN" 
  25.293619200000002, 83.0046208, 1627480581649, "QYwmUhgK82MXqRHp" 
  25.293619200000002, 83.0046208, 1627480581831, "wO9d4scZ2E15m19n" 
  25.293619200000002, 83.0046208, 1627480582016, "Oc9wP0LuLmqY8g46" 
  25.293619200000002, 83.0046208, 1627480582183, "88w35DsYSIXnyTeW" 
  25.293619200000002, 83.0046208, 1627480582366, "OBomhUguzUl0Ftva" 
  25.293619200000002, 83.0046208, 1627480582549, "ZJojoMje5DPucApg" 
  25.293619200000002, 83.0046208, 1627480582715, "UzDtXasNWHzJpw6F" 
  25.293619200000002, 83.0046208, 1627480582883, "r215TI1y6Gf0t5B1" 
  25.293619200000002, 83.0046208, 1627480583037, "NRcP9dlUqJxgev0T" 
  25.293619200000002, 83.0046208, 1627480583192, "rc4qZw0hMszqBFhy" 
  25.293619200000002, 83.0046208, 1627480583384, "XbsJA6EnLgE4RL7Q" 
  25.293619200000002, 83.0046208, 1627480583532, "3FrCUm5PeHIDaJjA" 
  25.293619200000002, 83.0046208, 1627480583752, "OU0tegwwcVZwFc4W" 
